INSERT INTO "MediaType"("Id", "Name") VALUES (1, 'Movie'), (2, 'Series'), (3, 'Special');

INSERT INTO "Media"("Id", "MediaTypeId", "Title", "PosterImageUrl", "Episodes", "Runtime", "AiredStartDate", "AiredEndDate") VALUES
    (1, 2, 'Violet Evergarden', 'violet-evergarden', 13, 24, '2018-11-01', '2018-04-05'),
    (2, 1, 'Violet Evergarden Movie', 'violet-evergarden-movie', 1, 140, '2020-09-18', '2020-09-18'),
    (3, 2, 'Kimetsu no Yaiba', 'kimetsu-no-yaiba', 26, 23, '2019-04-06', '2019-09-28'),
    (4, 1, 'Kimetsu no Yaiba Movie: Mugen Ressha-hen', 'kimetsu-no-yaiba-the-movie-mugen-train', 1, 116, '2020-10-16', '2020-10-16'),
    (5, 1, 'Black Widow', 'black-widow', 1, 134, '2021-06-19', '2021-06-19'),
    (6, 1, 'F9', '6-f9', 1, 145, '2021-05-19', '2021-05-19'),
    (7, 1, 'The Unholy', 'the-unholy', 1, 99, '2021-04-02', '2021-04-02'),
    (8, 1, 'Raya and the Last Dragon', 'raya-and-the-last-dragon', 1, 107, '2021-03-03', '2021-03-03'),
    (9, 2, 'The Witcher', 'the-witcher', 8, 60, '2019-12-20', '2019-12-20'),
    (10, 1, 'A Quiet Place Part II', 'a-quiet-place-ii', 1, 97, '2021-05-08', '2021-05-08'),
    (11, 2, 'Loki', 'loki', 4, 50, '2021-06-09', null),
    (12, 1, 'Nobody', 'nobody', 1, 92, '2021-03-26', '2021-03-26'),
    (13, 2, 'Mare of Easttown', 'mare-of-easttown', 7, 60, '2021-04-18', '2021-05-30'),
    (14, 1, 'Wrath of Man', 'wrath-of-man', 1, 119, '2021-04-22', '2021-04-22'),
    (15, 1, 'Tenet', 'tenet', 1, 150, '2020-08-26', '2020-08-26'),
    (16, 1, 'The Hitman''s Wife''s Bodyguard', 'hitmans-wife-bodyguard', 1, 100, '2020-06-16', '2020-06-16');

INSERT INTO "StreamingMedia"("MediaId") VALUES (10), (11), (12), (13), (14), (16), (8), (7);

INSERT INTO "AccountType"("Id", "Name") VALUES (1, 'Administrator'), (2, 'Moderator'), (3, 'Member'), (4, 'Banned');

INSERT INTO "Account"("Id", "AccountTypeId", "Email", "Username", "PasswordSalt", "PasswordHash", "CreationDate", "LastActiveDate", "ProfileImageUrl", "Title", "Location") VALUES
    (1, 1, 'admin@', 'el Admin', '7954f04a6bf56fa01d75e1e70499843d', 'nLtT/PrMKHBMY0z3QfBdQT50MveTfYrtpS/uZfbYmLw=', '2021-06-01', '2021-07-07', '1', 'The Overlord', 'Under Your Bed'),
    (2, 2, 'mod@', 'Discord Mod', '0bff423f1efb951eae58b00a5eb23f6e', 'dPM7sKfxEhHcoKRiucJDwIVoEhOjTG6Ahh7OnLSxopc=', '2021-06-01', '2021-07-07', '2', 'The Big Cheese', 'The Ozharks'),
    (3, 3, 'user@', 'el Pikel rik', '56e1e815b956af8ffe4119ce7ef397b8', 'WIrEe7vDhqyQnf9YQU2vz3rgzUpppcTONj5svq71Qvw=', '2021-07-01', '2021-07-07', '3', default, default),
    (4, 3, 'user2@', 'el almojabano', 'e6ba03e794528caaf8d81a18f55eb2b9', 'Z9JlilvIpOhudCl8Y4EbGVj/R7rnRWmYbHBpQVZIAys=', '2021-07-01', '2021-07-07', '4', default, default),
    (5, 3, 'user3@', 'Tom Cruise', 'b3c31abb8081ef12404694d4100de95d', 'PNG5JkaQvsFzu+5SH1cLSbI7zWCji8gPBWK9qgHuclE=', '2021-07-02', '2021-07-05', '5', 'Milk Drinker', default),
    (6, 3, 'user4@', 'KeyserCorleone', 'b3c31abb8081ef12404694d4100de95d', 'PNG5JkaQvsFzu+5SH1cLSbI7zWCji8gPBWK9qgHuclE=', '2021-07-02', '2021-07-06', '6', default, default),
    (7, 3, 'user5@', 'matt72582', 'b3c31abb8081ef12404694d4100de95d', 'PNG5JkaQvsFzu+5SH1cLSbI7zWCji8gPBWK9qgHuclE=', '2021-07-02', '2021-07-04', '7', default, default),
    (8, 3, 'user6@', 'DocHoliday', 'b3c31abb8081ef12404694d4100de95d', 'PNG5JkaQvsFzu+5SH1cLSbI7zWCji8gPBWK9qgHuclE=', '2021-07-02', '2021-07-03', '8', default, default),
    (9, 3, 'user7@', 'Redapplecigz', 'b3c31abb8081ef12404694d4100de95d', 'PNG5JkaQvsFzu+5SH1cLSbI7zWCji8gPBWK9qgHuclE=', '2021-07-02', '2021-07-03', '9', default, default),
    (10, 3, 'user8@', 'AlmostFamous8912', 'b3c31abb8081ef12404694d4100de95d', 'PNG5JkaQvsFzu+5SH1cLSbI7zWCji8gPBWK9qgHuclE=', '2021-07-02', '2021-07-05', '10', 'Almost Smart Too', default),
    (11, 3, 'user9@', 'TONGO', 'b3c31abb8081ef12404694d4100de95d', 'PNG5JkaQvsFzu+5SH1cLSbI7zWCji8gPBWK9qgHuclE=', '2021-07-02', '2021-07-05', '11', default, default);

INSERT INTO "Section"("Id", "Title", "Weight") VALUES (1, 'General', 1), (2, 'Movies & Series', 2), (3, 'Off-Topic', 3);

INSERT INTO "Board"("Id", "SectionId", "Title", "Description", "Weight", "Closed") VALUES
    (1, 1, 'Announcements', 'Website News and Information', 1, TRUE),
    (2, 1, 'Rules & FAQ', 'Site Guidelines and other helpful information', 2, TRUE),
    (3, 1, 'General Chat', 'No Lollygagging', 3, FALSE),
    (4, 2, 'News Discussion', 'Current news in movies and series', 1, FALSE),
    (5, 2, 'Movie Spoilers', 'Just seen a movie? Tell us what you thought, or read other users'' reviews.', 2, FALSE),
    (6, 2, 'Series Spoilers', 'Just finished a new series? Tell us what you thought, or read other users'' reviews.', 3, FALSE),
    (7, 2, 'Recommendations', 'Ask the community for recommendations or help other users looking for suggestions.', 4, FALSE),
    (8, 3, 'Miscellaneous Chat', 'General interest topics that don''t fall into one of the sub-categories above', 1, FALSE),
    (9, 3, 'Games & Comics', 'For whoever plays games or reads comics', 2, FALSE);

INSERT INTO "Thread"("Id", "BoardId", "OwnerAccountId", "MediaId", "CreationDate", "ClosedDate", "Title", "ViewCount") VALUES
    (1, 1, 1, null, '2021-06-01 06:03:00', '2021-06-01 06:03:00', 'The Website Is Open!', 6),
    (2, 1, 1, null, '2021-06-02 07:13:00', '2021-06-03 11:01:00', 'nvm it broke, be back soon', 38),
    (3, 1, 1, null, '2021-06-04 10:18:00', null, 'Ok it should work now, Welcome!', 13),
    (4, 2, 2, null, '2021-06-05 09:09:00', '2021-06-05 09:09:00', 'Rules', 8),
    (5, 3, 3, null, '2021-07-01 06:01:00', null, 'Why green?', 14),
    (6, 4, 2, null, '2021-07-01 08:22:00', null, 'Marvel Studios & DC Films Will Skip Comic-Con@Home 2021', 12),
    (7, 4, 2, null, '2021-07-01 11:28:00', null, 'Shazam 2 Set Photos Show Zachary Levi In Damaged Suit', 11),
    (8, 4, 3, null, '2021-07-01 13:02:00', null, 'Scarlett Johansson Doesn''t Plan To Return To MCU', 18),
    (9, 5, 3, 12, '2021-07-01 15:01:00', null, 'nobody was 10/10', 13),
    (10, 6, 5, 1, '2021-07-02 04:41:00', null, 'i cried twice on the same episode', 21),
    (11, 7, 3, 14, '2021-07-02 06:32:00', null, 'Yall need to checkout wrath of man', 6),
    (12, 8, 4, null, '2021-07-02 11:24:00', null, 'Is 3 really less than 4?', 32),
    (13, 9, 5, null, '2021-07-02 19:59:00', null, 'the cakes''s a like', 3);

INSERT INTO "Post"("Id", "ThreadId", "ParentId", "OwnerAccountId", "LastEditorAccountId", "CreationDate", "LastEditDate") VALUES (1, 1, null, 1, null, '2021-06-01 06:03:00', null);
INSERT INTO "PostContent"("PostId", "Content") VALUES (1, '{"ops":[{"insert":"Welcome to the Spoiler Room project!\\n"}]}');

INSERT INTO "Vote"("PostId", "AccountId", "VoteType", "CreationDate") VALUES (1, 1, 1, '2021-06-01 06:04:00');
INSERT INTO "Vote"("PostId", "AccountId", "VoteType", "CreationDate") VALUES (1, 2, 1, '2021-06-01 06:04:00');

INSERT INTO "Post"("Id", "ThreadId", "ParentId", "OwnerAccountId", "LastEditorAccountId", "CreationDate", "LastEditDate") VALUES
    (2, 2, null, 1, null, '2021-06-02 07:13:00', null),
    (3, 2, 2, 1, null, '2021-06-02 09:23:00', null),
    (4, 2, 3, 1, null, '2021-06-03 02:01:00', null),
    (5, 2, 4, 1, null, '2021-06-03 10:58:00', null);

INSERT INTO "PostContent"("PostId", "Content") VALUES
    (2, '{"ops":[{"insert":"welp i dont know what happened probable was kevins fault\\n\\n"}]}'),
    (3, '{"ops":[{"insert":"Update: I still dont know whats goin on\\n"}]}'),
    (4, '{"ops":[{"insert":"I think i found the problem\\n"}]}'),
    (5, '{"ops":[{"insert":"should have the fix by tomorrow\\n\\n"}]}');

INSERT INTO "Vote"("PostId", "AccountId", "VoteType", "CreationDate") VALUES (2, 1, 1, '2021-06-02 07:14:00');
INSERT INTO "Vote"("PostId", "AccountId", "VoteType", "CreationDate") VALUES (2, 2, 2, '2021-06-02 07:14:00');
INSERT INTO "Vote"("PostId", "AccountId", "VoteType", "CreationDate") VALUES (2, 3, 2, '2021-06-02 07:14:00');
INSERT INTO "Vote"("PostId", "AccountId", "VoteType", "CreationDate") VALUES (3, 1, 1, '2021-06-02 07:14:00');

INSERT INTO "Post"("Id", "ThreadId", "ParentId", "OwnerAccountId", "LastEditorAccountId", "CreationDate", "LastEditDate") VALUES
    (6, 3, null, 1, null, '2021-06-04 10:18:00', null),
    (7, 3, 6, 2, null, '2021-06-04 12:35:00', null);

INSERT INTO "PostContent"("PostId", "Content") VALUES
    (6, '{"ops":[{"insert":"Hopefully it stays like that this time\\n\\n"}]}'),
    (7, '{"ops":[{"insert":"simp\\n\\n"}]}');

INSERT INTO "Post"("Id", "ThreadId", "ParentId", "OwnerAccountId", "LastEditorAccountId", "CreationDate", "LastEditDate") VALUES (8, 4, null, 2, null, '2021-06-05 09:09:00', null);
INSERT INTO "PostContent"("PostId", "Content") VALUES (8, '{"ops":[{"attributes":{"underline":true,"size":"huge","bold":true},"insert":"RULES"},{"attributes":{"align":"center"},"insert":"\\n"},{"insert":"No Crying"},{"attributes":{"list":"ordered"},"insert":"\\n"},{"attributes":{"strike":true},"insert":"???"},{"attributes":{"list":"ordered"},"insert":"\\n"},{"attributes":{"color":"#ffff00"},"insert":"Profit"},{"attributes":{"list":"ordered"},"insert":"\\n"},{"insert":"\\n\\n"}]}');

INSERT INTO "Post"("Id", "ThreadId", "ParentId", "OwnerAccountId", "LastEditorAccountId", "CreationDate", "LastEditDate") VALUES
    (9, 5, null, 3, null, '2021-07-01 06:01:00', null),
    (10, 5, 9, 1, null, '2021-07-01 06:04:00', null),
    (11, 5, 10, 3, null, '2021-07-01 06:07:00', null);

INSERT INTO "PostContent"("PostId", "Content") VALUES
    (9, '{"ops":[{"insert":"why is the theme this weid black-green combination\\n\\n"}]}'),
    (10, '{"ops":[{"insert":"we simply suck at designing and picking colours\\n"}]}'),
    (11, '{"ops":[{"insert":"fair enough\\n"}]}');


INSERT INTO "Post"("Id", "ThreadId", "ParentId", "OwnerAccountId", "LastEditorAccountId", "CreationDate", "LastEditDate") VALUES
    (12, 6, null, 2, null, '2021-07-01 08:22:00', null),
    (13, 6, 12, 3, null, '2021-07-01 08:52:00', null);
INSERT INTO "PostContent"("PostId", "Content") VALUES
    (12, '{"ops":[{"insert":"Marvel Studios and Warner Bros. DC Films are skipping out on presentations at this year\''s San Diego "},{"attributes":{"color":"#e60000","bold":true},"insert":"Comic-Con@Home 2021"},{"insert":". San Diego Comic-Con has become the number one spot for the major studios to tease their upcoming projects, with Marvel Studios and DC Films often having given presentations. \\n\\nFans got their first announcement for Marvel Phase 4 at Comic-Con 2019 and the trailers for Batman v. Superman: Dawn of Justice and Suicide Squad became some of the most talked-about trailers at the convention in 2015.\\n\\n"}]}'),
    (13, '{"ops":[{"insert":"it will suck with or without them anyway\\n\\n"}]}');

INSERT INTO "Post"("Id", "ThreadId", "ParentId", "OwnerAccountId", "LastEditorAccountId", "CreationDate", "LastEditDate") VALUES (14, 5, 11, 4, null, '2021-07-01 09:10:00', null);
INSERT INTO "PostContent"("PostId", "Content") VALUES (14, '{"ops":[{"insert":"lol ok\\n"}]}');

INSERT INTO "Post"("Id", "ThreadId", "ParentId", "OwnerAccountId", "LastEditorAccountId", "CreationDate", "LastEditDate") VALUES (15, 7, null, 2, null, '2021-07-01 11:22:00', null);
INSERT INTO "PostContent"("PostId", "Content") VALUES (15, '{"ops":[{"insert":"New set photos from Shazam: Fury of the Gods reveal Zachary Levi wearing a damaged Shazam suit. Warner Bros. and DC Films made a conscious effort to lighten the tone of the DC Extended Universe with Shazam!, and the 2019 superhero movie proved to be a decently sized hit. \\n\\nWork on Shazam 2 has been underway ever since, with the sequel expected to be even bigger than the first film. It features the return of Zachary Levi as Billy Batson\''\''s (Asher Angel) superhero form known as Shazam, but he\''\''ll have a brand new look.\\n\\n"}]}');

INSERT INTO "Post"("Id", "ThreadId", "ParentId", "OwnerAccountId", "LastEditorAccountId", "CreationDate", "LastEditDate") VALUES
    (16, 8, null, 3, null, '2021-07-01 13:02:00', null),
    (17, 8, 16, 4, null, '2021-07-01 14:12:00', null);
INSERT INTO "PostContent"("PostId", "Content") VALUES
    (16, '{"ops":[{"insert":"Scarlett Johansson does not plan to return to the MCU after Black Widow. After being in the works at Marvel Studios for over a decade, Natasha Romanoff\''\''s first solo outing was initially announced at San Diego Comic Con in 2019. No one could have anticipated other events as the COVID-19 pandemic eventually put the film in a state of perpetual delays. Now, the wait is almost over as Black Widow opens in theaters on Friday, July 9.\\n\\n"}]}'),
    (17, '{"ops":[{"insert":"thank god\\n"}]}');


INSERT INTO "Post"("Id", "ThreadId", "ParentId", "OwnerAccountId", "LastEditorAccountId", "CreationDate", "LastEditDate") VALUES
    (18, 9, null, 3, null, '2021-07-01 15:01:00', null),
    (19, 9, 17, 5, null, '2021-07-01 15:04:00', null);

INSERT INTO "PostContent"("PostId", "Content") VALUES
    (18, '{"ops":[{"insert":"this movie was incredible way better than john wick\\n"}]}'),
    (19, '{"ops":[{"insert":"it could all have been avoided if he went downstairs to check for the bracelet before ramboin his way out the door\\n"}]}');

INSERT INTO "Post"("Id", "ThreadId", "ParentId", "OwnerAccountId", "LastEditorAccountId", "CreationDate", "LastEditDate") VALUES (20, 10, null, 5, null, '2021-07-02 04:41:00', null);
INSERT INTO "PostContent"("PostId", "Content") VALUES (20, '{"ops":[{"insert":"Waking up one day and discovering "},{"attributes":{"color":"#ffff00","bold":true},"insert":"Violet Evergarden"},{"insert":" getting an anime adaptation by Kyoto Animation should be a blessing. At least that’s what it looked like on the surface. The light novel series earned the grand prize from the Fifth Kyoto Animation in the novel category. \\n\\nEven with two volumes, my expectations going into this anime was high. In particular, the sheer visual quality is a sight to "},{"attributes":{"size":"large","bold":true},"insert":"feast "},{"insert":"on.\\n\\n"}]}');

INSERT INTO "Post"("Id", "ThreadId", "ParentId", "OwnerAccountId", "LastEditorAccountId", "CreationDate", "LastEditDate") VALUES (21, 11, null, 3, null, '2021-07-02 06:32:00', null);
INSERT INTO "PostContent"("PostId", "Content") VALUES (21, '{"ops":[{"insert":"Jason Statham stars in Guy Ritchie\''s latest, which as it turns out is a riff on the second most popular theme in movies lately (the first being superheroes): the assassin who gets pissed off. Why these features are so ubiquitous I cannot say, but as well I cannot deny their existence. In this one it\''\''s his son\''\''s killing that motivates our hero to revenge mode, as opposed to, say, the puppy his dead wife gave him, so there\''\''s that going for it. Ritchie at least gives us a story, a setting, and that alone supplants at least 15 - 20 minutes of mindless killing. It\''\''s true that the typical Ritchie verve is subdued, but there is still more going on here than simply a ballet of death. Statham\''\''s not given much more than \\"pissed off\\" to do - but he\''\''s good at that.\\n\\n"}]}');

INSERT INTO "Post"("Id", "ThreadId", "ParentId", "OwnerAccountId", "LastEditorAccountId", "CreationDate", "LastEditDate") VALUES (22, 12, null, 4, null, '2021-07-02 11:24:00', null);
INSERT INTO "PostContent"("PostId", "Content") VALUES (22, '{"ops":[{"insert":"how can we be so sure of this?\\n\\n"}]}');
INSERT INTO "Post"("Id", "ThreadId", "ParentId", "OwnerAccountId", "LastEditorAccountId", "CreationDate", "LastEditDate") VALUES (23, 12, 22, 2, null, '2021-07-02 11:32:00', null);
INSERT INTO "PostContent"("PostId", "Content") VALUES (23, '{"ops":[{"insert":"are you dumb?\\n\\n"}]}');

INSERT INTO "Post"("Id", "ThreadId", "ParentId", "OwnerAccountId", "LastEditorAccountId", "CreationDate", "LastEditDate") VALUES (24, 13, null, 4, null, '2021-07-02 19:59:00', null);
INSERT INTO "PostContent"("PostId", "Content") VALUES (24, '{"ops":[{"insert":"don\''t follow the crumbs\\n"}]}');

INSERT INTO "Post"("Id", "ThreadId", "ParentId", "OwnerAccountId", "LastEditorAccountId", "CreationDate", "LastEditDate") VALUES
    (25, 10, 20, 4, null, '2021-07-03 01:04:00', null),
    (26, 10, 24, 3, null, '2021-07-03 01:31:00', null);

INSERT INTO "PostContent"("PostId", "Content") VALUES
    (25, '{"ops":[{"insert":"simp\\n"}]}'),
    (26, '{"ops":[{"insert":"oh yeah he simping big time\\n"}]}');

INSERT INTO "Thread"("BoardId", "OwnerAccountId", "MediaId", "CreationDate", "ClosedDate", "Title", "ViewCount") VALUES (8, 4, null, '2021-07-03 01:30:00', null, 'TEST THREAD', 10);
SELECT @lastThreadId := scope_identity();

INSERT INTO "Post"("ThreadId", "ParentId", "OwnerAccountId", "LastEditorAccountId", "CreationDate", "LastEditDate") VALUES (@lastThreadId, null, 4, null, '2021-07-03 01:32:00', null);
SELECT @lastPostId := scope_identity();
INSERT INTO "PostContent"("PostId", "Content") VALUES (@lastPostId, '{"ops":[{"insert":"TEST THREAD CONTENT HERE\\n\\n"}]}');

INSERT INTO "Thread"("BoardId", "OwnerAccountId", "MediaId", "CreationDate", "ClosedDate", "Title", "ViewCount") VALUES (8, 4, null, '2021-07-03 01:30:00', null, 'TEST THREAD', 10);
SELECT @lastThreadId := scope_identity();

INSERT INTO "Post"("ThreadId", "ParentId", "OwnerAccountId", "LastEditorAccountId", "CreationDate", "LastEditDate") VALUES (@lastThreadId, null, 4, null, '2021-07-03 01:32:00', null);
SELECT @lastPostId := scope_identity();
INSERT INTO "PostContent"("PostId", "Content") VALUES (@lastPostId, '{"ops":[{"insert":"TEST THREAD CONTENT HERE\\n\\n"}]}');

INSERT INTO "Thread"("BoardId", "OwnerAccountId", "MediaId", "CreationDate", "ClosedDate", "Title", "ViewCount") VALUES (8, 4, null, '2021-07-03 01:30:00', null, 'TEST THREAD', 10);
SELECT @lastThreadId := scope_identity();

INSERT INTO "Post"("ThreadId", "ParentId", "OwnerAccountId", "LastEditorAccountId", "CreationDate", "LastEditDate") VALUES (@lastThreadId, null, 4, null, '2021-07-03 01:32:00', null);
SELECT @lastPostId := scope_identity();
INSERT INTO "PostContent"("PostId", "Content") VALUES (@lastPostId, '{"ops":[{"insert":"TEST THREAD CONTENT HERE\\n\\n"}]}');

INSERT INTO "Thread"("BoardId", "OwnerAccountId", "MediaId", "CreationDate", "ClosedDate", "Title", "ViewCount") VALUES (8, 4, null, '2021-07-03 01:30:00', null, 'TEST THREAD', 10);
SELECT @lastThreadId := scope_identity();

INSERT INTO "Post"("ThreadId", "ParentId", "OwnerAccountId", "LastEditorAccountId", "CreationDate", "LastEditDate") VALUES (@lastThreadId, null, 4, null, '2021-07-03 01:32:00', null);
SELECT @lastPostId := scope_identity();
INSERT INTO "PostContent"("PostId", "Content") VALUES (@lastPostId, '{"ops":[{"insert":"TEST THREAD CONTENT HERE\\n\\n"}]}');

INSERT INTO "Thread"("BoardId", "OwnerAccountId", "MediaId", "CreationDate", "ClosedDate", "Title", "ViewCount") VALUES (8, 4, null, '2021-07-03 01:30:00', null, 'TEST THREAD', 10);
SELECT @lastThreadId := scope_identity();

INSERT INTO "Post"("ThreadId", "ParentId", "OwnerAccountId", "LastEditorAccountId", "CreationDate", "LastEditDate") VALUES (@lastThreadId, null, 4, null, '2021-07-03 01:32:00', null);
SELECT @lastPostId := scope_identity();
INSERT INTO "PostContent"("PostId", "Content") VALUES (@lastPostId, '{"ops":[{"insert":"TEST THREAD CONTENT HERE\\n\\n"}]}');

INSERT INTO "Thread"("BoardId", "OwnerAccountId", "MediaId", "CreationDate", "ClosedDate", "Title", "ViewCount") VALUES (8, 4, null, '2021-07-03 01:30:00', null, 'TEST THREAD', 10);
SELECT @lastThreadId := scope_identity();

INSERT INTO "Post"("ThreadId", "ParentId", "OwnerAccountId", "LastEditorAccountId", "CreationDate", "LastEditDate") VALUES (@lastThreadId, null, 4, null, '2021-07-03 01:32:00', null);
SELECT @lastPostId := scope_identity();
INSERT INTO "PostContent"("PostId", "Content") VALUES (@lastPostId, '{"ops":[{"insert":"TEST THREAD CONTENT HERE\\n\\n"}]}');

INSERT INTO "Thread"("BoardId", "OwnerAccountId", "MediaId", "CreationDate", "ClosedDate", "Title", "ViewCount") VALUES (8, 4, null, '2021-07-03 01:30:00', null, 'TEST THREAD', 10);
SELECT @lastThreadId := scope_identity();

INSERT INTO "Post"("ThreadId", "ParentId", "OwnerAccountId", "LastEditorAccountId", "CreationDate", "LastEditDate") VALUES (@lastThreadId, null, 4, null, '2021-07-03 01:32:00', null);
SELECT @lastPostId := scope_identity();
INSERT INTO "PostContent"("PostId", "Content") VALUES (@lastPostId, '{"ops":[{"insert":"TEST THREAD CONTENT HERE\\n\\n"}]}');

INSERT INTO "Thread"("BoardId", "OwnerAccountId", "MediaId", "CreationDate", "ClosedDate", "Title", "ViewCount") VALUES (8, 4, null, '2021-07-03 01:30:00', null, 'TEST THREAD', 10);
SELECT @lastThreadId := scope_identity();

INSERT INTO "Post"("ThreadId", "ParentId", "OwnerAccountId", "LastEditorAccountId", "CreationDate", "LastEditDate") VALUES (@lastThreadId, null, 4, null, '2021-07-03 01:32:00', null);
SELECT @lastPostId := scope_identity();
INSERT INTO "PostContent"("PostId", "Content") VALUES (@lastPostId, '{"ops":[{"insert":"TEST THREAD CONTENT HERE\\n\\n"}]}');

INSERT INTO "Thread"("BoardId", "OwnerAccountId", "MediaId", "CreationDate", "ClosedDate", "Title", "ViewCount") VALUES (8, 4, null, '2021-07-03 01:30:00', null, 'TEST THREAD', 10);
SELECT @lastThreadId := scope_identity();

INSERT INTO "Post"("ThreadId", "ParentId", "OwnerAccountId", "LastEditorAccountId", "CreationDate", "LastEditDate") VALUES (@lastThreadId, null, 4, null, '2021-07-03 01:32:00', null);
SELECT @lastPostId := scope_identity();
INSERT INTO "PostContent"("PostId", "Content") VALUES (@lastPostId, '{"ops":[{"insert":"TEST THREAD CONTENT HERE\\n\\n"}]}');

INSERT INTO "Thread"("BoardId", "OwnerAccountId", "MediaId", "CreationDate", "ClosedDate", "Title", "ViewCount") VALUES (8, 4, null, '2021-07-03 01:30:00', null, 'TEST THREAD', 10);
SELECT @lastThreadId := scope_identity();

INSERT INTO "Post"("ThreadId", "ParentId", "OwnerAccountId", "LastEditorAccountId", "CreationDate", "LastEditDate") VALUES (@lastThreadId, null, 4, null, '2021-07-03 01:32:00', null);
SELECT @lastPostId := scope_identity();
INSERT INTO "PostContent"("PostId", "Content") VALUES (@lastPostId, '{"ops":[{"insert":"TEST THREAD CONTENT HERE\\n\\n"}]}');

INSERT INTO "Thread"("BoardId", "OwnerAccountId", "MediaId", "CreationDate", "ClosedDate", "Title", "ViewCount") VALUES (8, 4, null, '2021-07-03 01:30:00', null, 'TEST THREAD', 10);
SELECT @lastThreadId := scope_identity();

INSERT INTO "Post"("ThreadId", "ParentId", "OwnerAccountId", "LastEditorAccountId", "CreationDate", "LastEditDate") VALUES (@lastThreadId, null, 4, null, '2021-07-03 01:32:00', null);
SELECT @lastPostId := scope_identity();
INSERT INTO "PostContent"("PostId", "Content") VALUES (@lastPostId, '{"ops":[{"insert":"TEST THREAD CONTENT HERE\\n\\n"}]}');

INSERT INTO "Thread"("BoardId", "OwnerAccountId", "MediaId", "CreationDate", "ClosedDate", "Title", "ViewCount") VALUES (8, 4, null, '2021-07-03 01:30:00', null, 'TEST THREAD', 10);
SELECT @lastThreadId := scope_identity();

INSERT INTO "Post"("ThreadId", "ParentId", "OwnerAccountId", "LastEditorAccountId", "CreationDate", "LastEditDate") VALUES (@lastThreadId, null, 4, null, '2021-07-03 01:32:00', null);
SELECT @lastPostId := scope_identity();
INSERT INTO "PostContent"("PostId", "Content") VALUES (@lastPostId, '{"ops":[{"insert":"TEST THREAD CONTENT HERE\\n\\n"}]}');

INSERT INTO "Thread"("BoardId", "OwnerAccountId", "MediaId", "CreationDate", "ClosedDate", "Title", "ViewCount") VALUES (8, 4, null, '2021-07-03 01:30:00', null, 'TEST THREAD', 10);
SELECT @lastThreadId := scope_identity();

INSERT INTO "Post"("ThreadId", "ParentId", "OwnerAccountId", "LastEditorAccountId", "CreationDate", "LastEditDate") VALUES (@lastThreadId, null, 4, null, '2021-07-03 01:32:00', null);
SELECT @lastPostId := scope_identity();
INSERT INTO "PostContent"("PostId", "Content") VALUES (@lastPostId, '{"ops":[{"insert":"TEST THREAD CONTENT HERE\\n\\n"}]}');

INSERT INTO "Thread"("BoardId", "OwnerAccountId", "MediaId", "CreationDate", "ClosedDate", "Title", "ViewCount") VALUES (8, 4, null, '2021-07-03 01:30:00', null, 'TEST THREAD', 10);
SELECT @lastThreadId := scope_identity();

INSERT INTO "Post"("ThreadId", "ParentId", "OwnerAccountId", "LastEditorAccountId", "CreationDate", "LastEditDate") VALUES (@lastThreadId, null, 4, null, '2021-07-03 01:32:00', null);
SELECT @lastPostId := scope_identity();
INSERT INTO "PostContent"("PostId", "Content") VALUES (@lastPostId, '{"ops":[{"insert":"TEST THREAD CONTENT HERE\\n\\n"}]}');

INSERT INTO "Thread"("BoardId", "OwnerAccountId", "MediaId", "CreationDate", "ClosedDate", "Title", "ViewCount") VALUES (8, 4, null, '2021-07-03 01:30:00', null, 'TEST THREAD', 10);
SELECT @lastThreadId := scope_identity();

INSERT INTO "Post"("ThreadId", "ParentId", "OwnerAccountId", "LastEditorAccountId", "CreationDate", "LastEditDate") VALUES (@lastThreadId, null, 4, null, '2021-07-03 01:32:00', null);
SELECT @lastPostId := scope_identity();
INSERT INTO "PostContent"("PostId", "Content") VALUES (@lastPostId, '{"ops":[{"insert":"TEST THREAD CONTENT HERE\\n\\n"}]}');

INSERT INTO "Thread"("BoardId", "OwnerAccountId", "MediaId", "CreationDate", "ClosedDate", "Title", "ViewCount") VALUES (8, 4, null, '2021-07-03 01:30:00', null, 'TEST THREAD', 10);
SELECT @lastThreadId := scope_identity();

INSERT INTO "Post"("ThreadId", "ParentId", "OwnerAccountId", "LastEditorAccountId", "CreationDate", "LastEditDate") VALUES (@lastThreadId, null, 4, null, '2021-07-03 01:32:00', null);
SELECT @lastPostId := scope_identity();
INSERT INTO "PostContent"("PostId", "Content") VALUES (@lastPostId, '{"ops":[{"insert":"TEST THREAD CONTENT HERE\\n\\n"}]}');

INSERT INTO "Thread"("BoardId", "OwnerAccountId", "MediaId", "CreationDate", "ClosedDate", "Title", "ViewCount") VALUES (3, 4, null, '2021-07-03 01:32:00', null, 'Favorite One-Location Movies?', 108);
SELECT @lastThreadId := scope_identity();

INSERT INTO "Post"("ThreadId", "ParentId", "OwnerAccountId", "LastEditorAccountId", "CreationDate", "LastEditDate") VALUES (@lastThreadId, null, 4, null, '2021-07-03 01:32:00', null);
SELECT @lastPostId := scope_identity();
INSERT INTO "PostContent"("PostId", "Content") VALUES (@lastPostId, '{"ops":[{"insert":"These kinds of movies seem to have a great ratio for me. The first one that comes to mind, and the earliest is \\"12 Angry Men\\", as well as: \\"Le Trou\\" - a great prison movie. \\n\\n\\"Rope\\" is a good one that is in real-time (not as good as the aforementioned though)\\n\\n"}]}');

INSERT INTO "Post"("ThreadId", "ParentId", "OwnerAccountId", "LastEditorAccountId", "CreationDate", "LastEditDate") VALUES (@lastThreadId, @lastPostId, 3, null, '2021-07-03 01:35:00', null);
SELECT @lastPostId := scope_identity();
INSERT INTO "PostContent"("PostId", "Content") VALUES (@lastPostId, '{"ops":[{"insert":"All is Lost. A bit like Dead Calm, minus two characters. Open Water. A bit like Dead Calm or All is Lost, but without the boat under the feet. And the second half of Jaws, if I may. \\n\\nThe whole first half prevents the movie to be classified as one-location, but damn, does the second half play it well. My Dinner with Andre is lovely, and gives you the impression of having travelled way farther than that restaurant. \\n\\nGarde à vue is a cool film, a lot of tension between the suspect and the cop who is drilling him in that room, but I wasn\''t too convinced by the ending. \\n\\nEvil Dead and its cabin had efficiently terrified me as a teen. And Murder by Death should count too, I guess, with its and-then-there-were-none kind of manor.\\n\\n"}]}');

INSERT INTO "Post"("ThreadId", "ParentId", "OwnerAccountId", "LastEditorAccountId", "CreationDate", "LastEditDate") VALUES (@lastThreadId, @lastPostId, 4, null, '2021-07-03 01:38:00', null);
SELECT @lastPostId := scope_identity();
INSERT INTO "PostContent"("PostId", "Content") VALUES (@lastPostId, '{"ops":[{"insert":"I actually come here after remembering \\"My Dinner With Andre\\", which so far, is my favorite among the ones I have posted in the OP.. It was an original at that time. And not only was the best in one-location, but 99% of it was in real-time (in the first 5 minutes as they are walking to meet each other).\\n\\n"}]}');

INSERT INTO "Post"("ThreadId", "ParentId", "OwnerAccountId", "LastEditorAccountId", "CreationDate", "LastEditDate") VALUES (@lastThreadId, @lastPostId, 6, null, '2021-07-03 01:46:00', null);
SELECT @lastPostId := scope_identity();
INSERT INTO "PostContent"("PostId", "Content") VALUES (@lastPostId, '{"ops":[{"insert":"Not really. It\''s the quintessential WW2 sub movie, so, it\''s mostly sweat-driven, silence-driven, and Doldinger-driven (I mean, the soundtrack is great, but I\''m one post short of being allowed to post a link). It\''s all the tropes you know from the others (Silent Running, Torpedo Run, U-571, The Enemy Below, etc), except much better done. It blows all other submarine movies out of the water, neither before nor afterward has any movie managed to capture its grit, oppression and realism. It kinda made the whole genre pointless. But it\''s more about nervous sobbing than profound discussions. Its strong anti-war message is mostly conveyed through a couple of long silent glances.\\n\\n"}]}');

INSERT INTO "Post"("ThreadId", "ParentId", "OwnerAccountId", "LastEditorAccountId", "CreationDate", "LastEditDate") VALUES (@lastThreadId, @lastPostId, 7, null, '2021-07-03 01:52:00', null);
SELECT @lastPostId := scope_identity();
INSERT INTO "PostContent"("PostId", "Content") VALUES (@lastPostId, '{"ops":[{"insert":"I never lose an opportunity to pimp this film... Conspiracy (2001)\\n\\n"}]}');

INSERT INTO "Post"("ThreadId", "ParentId", "OwnerAccountId", "LastEditorAccountId", "CreationDate", "LastEditDate") VALUES (@lastThreadId, @lastPostId, 11, null, '2021-07-03 02:05:00', null);
SELECT @lastPostId := scope_identity();
INSERT INTO "PostContent"("PostId", "Content") VALUES (@lastPostId, '{"ops":[{"insert":"Who can forget My Dinner With Andre, which never moved more than a few feet. It was not only one location, but one table. Two guys sit in a Manhattan restaurant and talk about stuff. It\''\''s been a while, but I recall that, aside from entering the restaurant, nobody moved more than it took to shift their feet under the table. I don\''\''t know how they managed to spend 475K on the budget. Dinner even managed to get a 92 from Rotten Tomatoes. \\n\\n"}]}');

INSERT INTO "Post"("ThreadId", "ParentId", "OwnerAccountId", "LastEditorAccountId", "CreationDate", "LastEditDate") VALUES (@lastThreadId, @lastPostId, 5, null, '2021-07-03 02:45:00', null);
SELECT @lastPostId := scope_identity();
INSERT INTO "PostContent"("PostId", "Content") VALUES (@lastPostId, '{"ops":[{"insert":"The Sunset Limited is a film I like very much, I like the discussion, the acting, the set, the environment, you can fell New York City. Rear Window is a very well known film, I don\''\''t need to talk anything about it, I\''\''m sure almost everyone here know it. \\n\\nThe Man from Earth is a film I don\''\''t really liked very much, at least the first time I saw it, it\''\''s about a man that\''\''s been here since the time of Christ, I actually think he was Christ in the film, I can\''\''t recall, anyway, this guy is like a chameleon trough the ages in the planet and in one reunion with colleges and tells them and try to convince them. \\n\\nPhone Booth is also a very well known movie, one of my favorite Colin Farrell\''\''s movies, maybe the tiniest place one has acted. Dog Day Afternoon, to me the Sidney\''\''s Lumet greatest, also one of the best Al Pacino\''\''s performances. \\n\\n"}]}');


INSERT INTO "Thread"("BoardId", "OwnerAccountId", "MediaId", "CreationDate", "ClosedDate", "Title", "ViewCount") VALUES (3, 4, null, '2021-07-03 04:01:00', null, 'Stranger than Fiction', 77);
SELECT @lastThreadId := scope_identity();

INSERT INTO "Post"("ThreadId", "ParentId", "OwnerAccountId", "LastEditorAccountId", "CreationDate", "LastEditDate") VALUES (@lastThreadId, null, 11, null, '2021-07-03 04:01:00', null);
SELECT @lastPostId := scope_identity();
INSERT INTO "PostContent"("PostId", "Content") VALUES (@lastPostId, '{"ops":[{"insert":"I’m thinking back to the Hereditary discussion last weekend, partly owing to the other side’s surreal behaviour during the course of the trial (no legal thriller, whether by Fincher or Lynch or Kubrick, could come close to what the other side’s main witness, who is also a lawyer, did and how he fell apart and went berserk on the witness stand when he was caught ‘red handed’ with incriminating texts and whatnot). Think Primal Fear and worse. Honestly, Lisbeth Salander is more believable than this guy. \\n\\n"}]}');

INSERT INTO "Post"("ThreadId", "ParentId", "OwnerAccountId", "LastEditorAccountId", "CreationDate", "LastEditDate") VALUES (@lastThreadId, @lastPostId, 2, null, '2021-07-03 04:22:00', null);
SELECT @lastPostId := scope_identity();
INSERT INTO "PostContent"("PostId", "Content") VALUES (@lastPostId, '{"ops":[{"insert":"The main issue is absolutely ridiculously impossible coincidences -convenient or inconvenient- that completely shatter any suspension of disbelief.\\n\\n"}]}');

INSERT INTO "Post"("ThreadId", "ParentId", "OwnerAccountId", "LastEditorAccountId", "CreationDate", "LastEditDate") VALUES (@lastThreadId, @lastPostId, 3, null, '2021-07-03 04:26:00', null);
SELECT @lastPostId := scope_identity();
INSERT INTO "PostContent"("PostId", "Content") VALUES (@lastPostId, '{"ops":[{"insert":"Absolutely, that, too. Although I was getting at irrational, unlikely behaviour which no screenwriter would be able to justify to save his life. \\n\\n"}]}');

INSERT INTO "Post"("ThreadId", "ParentId", "OwnerAccountId", "LastEditorAccountId", "CreationDate", "LastEditDate") VALUES (@lastThreadId, @lastPostId, 4, null, '2021-07-03 04:39:00', null);
SELECT @lastPostId := scope_identity();
INSERT INTO "PostContent"("PostId", "Content") VALUES (@lastPostId, '{"ops":[{"insert":"I don\''\''t know anything about it, except I seen a brief mention in the Shoutbox. Are you a lawyer? Or involved in the case? What was the case? \\n\\n"}]}');

INSERT INTO "Post"("ThreadId", "ParentId", "OwnerAccountId", "LastEditorAccountId", "CreationDate", "LastEditDate") VALUES (@lastThreadId, @lastPostId, 11, null, '2021-07-03 04:39:00', null);
SELECT @lastPostId := scope_identity();
INSERT INTO "PostContent"("PostId", "Content") VALUES (@lastPostId, '{"ops":[{"insert":"I’m in litigation PR, which is worse. In very scandalous cases lawyers very much rely on us, as perception is everything. Think smear campaigns and all, bit like Hater.\\n\\n"}]}');

INSERT INTO "Post"("ThreadId", "ParentId", "OwnerAccountId", "LastEditorAccountId", "CreationDate", "LastEditDate") VALUES (@lastThreadId, @lastPostId, 4, null, '2021-07-03 04:49:00', null);
SELECT @lastPostId := scope_identity();
INSERT INTO "PostContent"("PostId", "Content") VALUES (@lastPostId, '{"ops":[{"insert":"Thanks for explaining!\\n"}]}');

INSERT INTO "Post"("ThreadId", "ParentId", "OwnerAccountId", "LastEditorAccountId", "CreationDate", "LastEditDate") VALUES (@lastThreadId, @lastPostId, 11, null, '2021-07-03 04:51:00', null);
SELECT @lastPostId := scope_identity();
INSERT INTO "PostContent"("PostId", "Content") VALUES (@lastPostId, '{"ops":[{"insert":"sure thing\\n"}]}');


INSERT INTO "Thread"("BoardId", "OwnerAccountId", "MediaId", "CreationDate", "ClosedDate", "Title", "ViewCount") VALUES (3, 2, null, '2021-07-03 06:10:00', null, 'Long Thread Test', 57);
SELECT @lastThreadId := scope_identity();

INSERT INTO "Post"("ThreadId", "ParentId", "OwnerAccountId", "LastEditorAccountId", "CreationDate", "LastEditDate") VALUES (@lastThreadId, null, 2, null, '2021-07-03 06:10:00', null);
SELECT @lastPostId := scope_identity();
INSERT INTO "PostContent"("PostId", "Content") VALUES (@lastPostId, '{"ops":[{"insert":"LOREM IPSUM LOREM IPSUM \\n\\n"}]}');

INSERT INTO "Post"("ThreadId", "ParentId", "OwnerAccountId", "LastEditorAccountId", "CreationDate", "LastEditDate") VALUES (@lastThreadId, @lastPostId, 2, null, '2021-07-03 06:11:00', null);
SELECT @lastPostId := scope_identity();
INSERT INTO "PostContent"("PostId", "Content") VALUES (@lastPostId, '{"ops":[{"insert":"LOREM IPSUM LOREM IPSUM \\n\\n"}]}');

INSERT INTO "Post"("ThreadId", "ParentId", "OwnerAccountId", "LastEditorAccountId", "CreationDate", "LastEditDate") VALUES (@lastThreadId, @lastPostId, 2, null, '2021-07-03 06:12:00', null);
SELECT @lastPostId := scope_identity();
INSERT INTO "PostContent"("PostId", "Content") VALUES (@lastPostId, '{"ops":[{"insert":"LOREM IPSUM LOREM IPSUM \\n\\n"}]}');

INSERT INTO "Post"("ThreadId", "ParentId", "OwnerAccountId", "LastEditorAccountId", "CreationDate", "LastEditDate") VALUES (@lastThreadId, @lastPostId, 2, null, '2021-07-03 06:13:00', null);
SELECT @lastPostId := scope_identity();
INSERT INTO "PostContent"("PostId", "Content") VALUES (@lastPostId, '{"ops":[{"insert":"LOREM IPSUM LOREM IPSUM \\n\\n"}]}');

INSERT INTO "Post"("ThreadId", "ParentId", "OwnerAccountId", "LastEditorAccountId", "CreationDate", "LastEditDate") VALUES (@lastThreadId, @lastPostId, 2, null, '2021-07-03 06:14:00', null);
SELECT @lastPostId := scope_identity();
INSERT INTO "PostContent"("PostId", "Content") VALUES (@lastPostId, '{"ops":[{"insert":"LOREM IPSUM LOREM IPSUM \\n\\n"}]}');

INSERT INTO "Post"("ThreadId", "ParentId", "OwnerAccountId", "LastEditorAccountId", "CreationDate", "LastEditDate") VALUES (@lastThreadId, @lastPostId, 2, null, '2021-07-03 06:15:00', null);
SELECT @lastPostId := scope_identity();
INSERT INTO "PostContent"("PostId", "Content") VALUES (@lastPostId, '{"ops":[{"insert":"LOREM IPSUM LOREM IPSUM \\n\\n"}]}');

INSERT INTO "Post"("ThreadId", "ParentId", "OwnerAccountId", "LastEditorAccountId", "CreationDate", "LastEditDate") VALUES (@lastThreadId, @lastPostId, 2, null, '2021-07-03 06:16:00', null);
SELECT @lastPostId := scope_identity();
INSERT INTO "PostContent"("PostId", "Content") VALUES (@lastPostId, '{"ops":[{"insert":"LOREM IPSUM LOREM IPSUM \\n\\n"}]}');

INSERT INTO "Post"("ThreadId", "ParentId", "OwnerAccountId", "LastEditorAccountId", "CreationDate", "LastEditDate") VALUES (@lastThreadId, @lastPostId, 2, null, '2021-07-03 06:17:00', null);
SELECT @lastPostId := scope_identity();
INSERT INTO "PostContent"("PostId", "Content") VALUES (@lastPostId, '{"ops":[{"insert":"LOREM IPSUM LOREM IPSUM \\n\\n"}]}');

INSERT INTO "Post"("ThreadId", "ParentId", "OwnerAccountId", "LastEditorAccountId", "CreationDate", "LastEditDate") VALUES (@lastThreadId, @lastPostId, 2, null, '2021-07-03 06:18:00', null);
SELECT @lastPostId := scope_identity();
INSERT INTO "PostContent"("PostId", "Content") VALUES (@lastPostId, '{"ops":[{"insert":"LOREM IPSUM LOREM IPSUM \\n\\n"}]}');

INSERT INTO "Post"("ThreadId", "ParentId", "OwnerAccountId", "LastEditorAccountId", "CreationDate", "LastEditDate") VALUES (@lastThreadId, @lastPostId, 2, null, '2021-07-03 06:19:00', null);
SELECT @lastPostId := scope_identity();
INSERT INTO "PostContent"("PostId", "Content") VALUES (@lastPostId, '{"ops":[{"insert":"LOREM IPSUM LOREM IPSUM \\n\\n"}]}');

INSERT INTO "Post"("ThreadId", "ParentId", "OwnerAccountId", "LastEditorAccountId", "CreationDate", "LastEditDate") VALUES (@lastThreadId, @lastPostId, 2, null, '2021-07-03 06:20:00', null);
SELECT @lastPostId := scope_identity();
INSERT INTO "PostContent"("PostId", "Content") VALUES (@lastPostId, '{"ops":[{"insert":"LOREM IPSUM LOREM IPSUM \\n\\n"}]}');

INSERT INTO "Post"("ThreadId", "ParentId", "OwnerAccountId", "LastEditorAccountId", "CreationDate", "LastEditDate") VALUES (@lastThreadId, @lastPostId, 2, null, '2021-07-03 06:21:00', null);
SELECT @lastPostId := scope_identity();
INSERT INTO "PostContent"("PostId", "Content") VALUES (@lastPostId, '{"ops":[{"insert":"LOREM IPSUM LOREM IPSUM \\n\\n"}]}');

INSERT INTO "Post"("ThreadId", "ParentId", "OwnerAccountId", "LastEditorAccountId", "CreationDate", "LastEditDate") VALUES (@lastThreadId, @lastPostId, 2, null, '2021-07-03 06:22:00', null);
SELECT @lastPostId := scope_identity();
INSERT INTO "PostContent"("PostId", "Content") VALUES (@lastPostId, '{"ops":[{"insert":"LOREM IPSUM LOREM IPSUM \\n\\n"}]}');

INSERT INTO "Post"("ThreadId", "ParentId", "OwnerAccountId", "LastEditorAccountId", "CreationDate", "LastEditDate") VALUES (@lastThreadId, @lastPostId, 2, null, '2021-07-03 06:23:00', null);
SELECT @lastPostId := scope_identity();
INSERT INTO "PostContent"("PostId", "Content") VALUES (@lastPostId, '{"ops":[{"insert":"LOREM IPSUM LOREM IPSUM \\n\\n"}]}');

INSERT INTO "Post"("ThreadId", "ParentId", "OwnerAccountId", "LastEditorAccountId", "CreationDate", "LastEditDate") VALUES (@lastThreadId, @lastPostId, 2, null, '2021-07-03 06:24:00', null);
SELECT @lastPostId := scope_identity();
INSERT INTO "PostContent"("PostId", "Content") VALUES (@lastPostId, '{"ops":[{"insert":"LOREM IPSUM LOREM IPSUM \\n\\n"}]}');

INSERT INTO "Post"("ThreadId", "ParentId", "OwnerAccountId", "LastEditorAccountId", "CreationDate", "LastEditDate") VALUES (@lastThreadId, @lastPostId, 2, null, '2021-07-03 06:25:00', null);
SELECT @lastPostId := scope_identity();
INSERT INTO "PostContent"("PostId", "Content") VALUES (@lastPostId, '{"ops":[{"insert":"LOREM IPSUM LOREM IPSUM \\n\\n"}]}');

INSERT INTO "Post"("ThreadId", "ParentId", "OwnerAccountId", "LastEditorAccountId", "CreationDate", "LastEditDate") VALUES (@lastThreadId, @lastPostId, 2, null, '2021-07-03 06:26:00', null);
SELECT @lastPostId := scope_identity();
INSERT INTO "PostContent"("PostId", "Content") VALUES (@lastPostId, '{"ops":[{"insert":"LOREM IPSUM LOREM IPSUM \\n\\n"}]}');

INSERT INTO "Post"("ThreadId", "ParentId", "OwnerAccountId", "LastEditorAccountId", "CreationDate", "LastEditDate") VALUES (@lastThreadId, @lastPostId, 2, null, '2021-07-03 06:27:00', null);
SELECT @lastPostId := scope_identity();
INSERT INTO "PostContent"("PostId", "Content") VALUES (@lastPostId, '{"ops":[{"insert":"LOREM IPSUM LOREM IPSUM \\n\\n"}]}');

INSERT INTO "Post"("ThreadId", "ParentId", "OwnerAccountId", "LastEditorAccountId", "CreationDate", "LastEditDate") VALUES (@lastThreadId, @lastPostId, 2, null, '2021-07-03 06:28:00', null);
SELECT @lastPostId := scope_identity();
INSERT INTO "PostContent"("PostId", "Content") VALUES (@lastPostId, '{"ops":[{"insert":"LOREM IPSUM LOREM IPSUM \\n\\n"}]}');

INSERT INTO "Post"("ThreadId", "ParentId", "OwnerAccountId", "LastEditorAccountId", "CreationDate", "LastEditDate") VALUES (@lastThreadId, @lastPostId, 2, null, '2021-07-03 06:29:00', null);
SELECT @lastPostId := scope_identity();
INSERT INTO "PostContent"("PostId", "Content") VALUES (@lastPostId, '{"ops":[{"insert":"LOREM IPSUM LOREM IPSUM \\n\\n"}]}');

INSERT INTO "Post"("ThreadId", "ParentId", "OwnerAccountId", "LastEditorAccountId", "CreationDate", "LastEditDate") VALUES (@lastThreadId, @lastPostId, 2, null, '2021-07-03 06:30:00', null);
SELECT @lastPostId := scope_identity();
INSERT INTO "PostContent"("PostId", "Content") VALUES (@lastPostId, '{"ops":[{"insert":"LOREM IPSUM LOREM IPSUM \\n\\n"}]}');

INSERT INTO "Post"("ThreadId", "ParentId", "OwnerAccountId", "LastEditorAccountId", "CreationDate", "LastEditDate") VALUES (@lastThreadId, @lastPostId, 2, null, '2021-07-03 06:31:00', null);
SELECT @lastPostId := scope_identity();
INSERT INTO "PostContent"("PostId", "Content") VALUES (@lastPostId, '{"ops":[{"insert":"LOREM IPSUM LOREM IPSUM \\n\\n"}]}');